COUNTRY,YEAR,MONTH,TOTAL_PRODUCTION,DOMESTIC_CONSUMPTION,PCT_CONSUMPTION
Angola,1990,April,50.345,20,40
Bolivia,1990,April,122.777,25,20
Brazil,1990,April,27285.6286,8200,30
Burundi,1990,April,487.393,2,0
Ecuador,1990,April,1503.815,350,23
Indonesia,1990,April,7441.383,1242,17
Madagascar,1990,April,982.447,350,36
Malawi,1990,April,104.628,2,2
Papua New Guinea,1990,April,962.841,3,0
Paraguay,1990,April,130.627,15,11
Peru,1990,April,936.632,190,20
Rwanda,1990,April,534.875,1,0
Zimbabwe,1990,April,251.901,8,3
"Congo, Rep. of",1990,July,2.924,3,103
Cuba,1990,July,414.212,213,51
Dominican Republic,1990,July,880.062,320,36
Haiti,1990,July,392.88,220,56
Philippines,1990,July,973.632,720,74
Tanzania,1990,July,931.779,4,0
Zambia,1990,July,22.686,1.5,7
Cameroon,1990,October,1682.484,83.3,5
Central African Republic,1990,October,175.274,28,16
Colombia,1990,October,14268.387,1235,9
"Congo, Dem. Rep. of",1990,October,1580.296,200,13
Costa Rica,1990,October,2561.885,375,15
Ivory Coast,1990,October,2940.363,50,2
El Salvador,1990,October,2464.864,180,7
Ethiopia,1990,October,2909.451,1200,41
Gabon,1990,October,3.408,1.7,50
Ghana,1990,October,37.855,17,45
Guatemala,1990,October,3270.529,300,9
Guinea,1990,October,44.46,25,56
Honduras,1990,October,1567.958,188.154,12
India,1990,October,2828.687,903,32
Jamaica,1990,October,22.574,7,31
Kenya,1990,October,1485.135,50,3
Liberia,1990,October,3,3,100
Mexico,1990,October,4674.245,1374,29
Nicaragua,1990,October,461.078,34,7
Nigeria,1990,October,29.19,27.5,94
Panama,1990,October,214.987,63,29
Sierra Leone,1990,October,42.783,9,21
Sri Lanka,1990,October,95.87,66.667,70
Thailand,1990,October,757.017,188,25
Togo,1990,October,161.308,1,1
Trinidad &amp; Tobago,1990,October,14.581,8,55
Uganda,1990,October,1955.009,70,4
Venezuela,1990,October,1122.477,782.39,70
Vietnam,1990,October,1310.288,150,11
Angola,1991,April,79.331,30,38
Bolivia,1991,April,106.536,30,28
Brazil,1991,April,27293.4934,8500,31
Burundi,1991,April,667.199,1.6,0
Ecuador,1991,April,2123.824,350,16
Indonesia,1991,April,8493.196,1280,15
Madagascar,1991,April,932.513,300,32
Malawi,1991,April,124.286,2,2
Papua New Guinea,1991,April,746.816,3,0
Paraguay,1991,April,79.653,15,19
Peru,1991,April,1200.474,190,16
Rwanda,1991,April,483.83,1,0
Zimbabwe,1991,April,201.394,8,4
"Congo, Rep. of",1991,July,3.003,2.667,89
Cuba,1991,July,302.097,213,71
Dominican Republic,1991,July,320.56,320,100
Haiti,1991,July,463.352,330,71
Philippines,1991,July,1018.482,750,74
Tanzania,1991,July,789.977,3.5,0
Zambia,1991,July,29.138,1.5,5
Cameroon,1991,October,1725.948,83.333,5
Central African Republic,1991,October,124.781,28,22
Colombia,1991,October,17814.866,1400,8
"Congo, Dem. Rep. of",1991,October,1229.902,200,16
Costa Rica,1991,October,2759.619,375,14
Ivory Coast,1991,October,4129.295,50,1
El Salvador,1991,October,2197.692,180,8
Ethiopia,1991,October,2924.664,1264,43
Gabon,1991,October,1.752,1,57
Ghana,1991,October,76.306,17,22
Guatemala,1991,October,3496.531,300,9
Guinea,1991,October,90.522,25,28
Honduras,1991,October,2321.808,257.1,11
India,1991,October,2999.749,916.667,31
Jamaica,1991,October,38.987,11,28
Kenya,1991,October,1514.047,50,3
Liberia,1991,October,3,3,100
Mexico,1991,October,4727.206,1200,25
Nicaragua,1991,October,707.067,138,20
Nigeria,1991,October,44.313,35.75,81
Panama,1991,October,192.532,67,35
Sierra Leone,1991,October,54.379,9,17
Sri Lanka,1991,October,81.549,67,82
Thailand,1991,October,1468.936,220,15
Togo,1991,October,432.652,1,0
Trinidad &amp; Tobago,1991,October,17.792,11.5,65
Uganda,1991,October,2088.001,75,4
Venezuela,1991,October,940.704,815.48,87
Vietnam,1991,October,1437.848,230,16
Angola,1992,April,77.52,35,45
Bolivia,1992,April,122.735,30,24
Brazil,1992,April,34603.3542,8900,26
Burundi,1992,April,620.238,1.7,0
Ecuador,1992,April,1185.48,350,30
Indonesia,1992,April,5569.478,1319,24
Madagascar,1992,April,1121.684,350,31
Malawi,1992,April,137.161,2,1
Papua New Guinea,1992,April,900.111,3,0
Paraguay,1992,April,54.291,15,28
Peru,1992,April,1761.953,200,11
Rwanda,1992,April,638.875,1,0
Zimbabwe,1992,April,77.824,8,10
"Congo, Rep. of",1992,July,3.171,2.667,84
Cuba,1992,July,284.237,195,69
Dominican Republic,1992,July,637.815,320,50
Haiti,1992,July,499.855,330,66
Philippines,1992,July,919.851,750,82
Tanzania,1992,July,786.434,19.2,2
Zambia,1992,July,29.307,1.432,5
Cameroon,1992,October,260.376,83.333,32
Central African Republic,1992,October,133.845,28,21
Colombia,1992,October,15189.131,1300,9
"Congo, Dem. Rep. of",1992,October,1180.157,200,17
Costa Rica,1992,October,2997.974,375,13
Ivory Coast,1992,October,2245.536,50,2
El Salvador,1992,October,3001.301,230,8
Ethiopia,1992,October,1825.171,1331,73
Gabon,1992,October,3.063,0.8,26
Ghana,1992,October,36.602,17,46
Guatemala,1992,October,4318.483,300,7
Guinea,1992,October,76.341,62.5,82
Honduras,1992,October,1918.209,240,13
India,1992,October,2823.497,917,32
Jamaica,1992,October,25.583,6,23
Kenya,1992,October,1315.548,50,4
Liberia,1992,October,3,3,100
Mexico,1992,October,3400.811,1300,38
Nicaragua,1992,October,547.294,65.6,12
Nigeria,1992,October,48.882,35.75,73
Panama,1992,October,196.978,67,34
Sierra Leone,1992,October,39.084,9,23
Sri Lanka,1992,October,53.181,28,53
Thailand,1992,October,1254.945,233,19
Togo,1992,October,85.648,1,1
Trinidad &amp; Tobago,1992,October,14.328,10,70
Uganda,1992,October,2185.074,75,3
Venezuela,1992,October,1215.298,849.97,70
Vietnam,1992,October,2340.447,250,11
Angola,1993,April,32.608,20,61
Bolivia,1993,April,57.323,35,61
Brazil,1993,April,28166.9786,9100,32
Burundi,1993,April,393.354,1.91,0
Ecuador,1993,April,2069.007,350,17
Indonesia,1993,April,6743.288,1359,20
Madagascar,1993,April,441.859,360,81
Malawi,1993,April,62.111,2,3
Papua New Guinea,1993,April,1019.481,2,0
Paraguay,1993,April,70.046,20,29
Peru,1993,April,665.497,200,30
Rwanda,1993,April,443.625,1,0
Zimbabwe,1993,April,11.6,8.333,72
"Congo, Rep. of",1993,July,3,3,100
Cuba,1993,July,285.404,194.1,68
Dominican Republic,1993,July,603.944,320,53
Haiti,1993,July,450.697,330,73
Philippines,1993,July,874.855,770,88
Tanzania,1993,July,734.375,17.5,2
Zambia,1993,July,26.606,1,4
Cameroon,1993,October,682.913,100,15
Central African Republic,1993,October,165.574,25,15
Colombia,1993,October,10297.602,1400,14
"Congo, Dem. Rep. of",1993,October,980.261,200,20
Costa Rica,1993,October,2358.753,375,16
Ivory Coast,1993,October,2293.407,50,2
El Salvador,1993,October,2378.482,230,10
Ethiopia,1993,October,2967.004,1402,47
Gabon,1993,October,2.884,0.8,28
Ghana,1993,October,45.381,17,37
Guatemala,1993,October,3535.501,310,9
Guinea,1993,October,63.806,33,52
Honduras,1993,October,1829.179,230,13
India,1993,October,3533.181,833.333,24
Jamaica,1993,October,34.287,9.6,28
Kenya,1993,October,1328.112,50,4
Liberia,1993,October,5,5,100
Mexico,1993,October,5023.488,1070,21
Nicaragua,1993,October,706.13,108.9,15
Nigeria,1993,October,45.319,40,88
Panama,1993,October,142.066,67,47
Sierra Leone,1993,October,37.451,5,13
Sri Lanka,1993,October,53.79,20,37
Thailand,1993,October,1275.201,250,20
Togo,1993,October,194.939,1,1
Trinidad &amp; Tobago,1993,October,16.079,10,62
Uganda,1993,October,3141.706,75,2
Venezuela,1993,October,1332.881,885.93,66
Vietnam,1993,October,3020.216,267,9
Angola,1994,April,76.802,25,33
Bolivia,1994,April,122.444,35,29
Brazil,1994,April,28192.047,9300,33
Burundi,1994,April,664.143,2,0
Ecuador,1994,April,2375.766,350,15
Indonesia,1994,April,5367.878,1400,26
Madagascar,1994,April,641.372,166.666,26
Malawi,1994,April,84.112,2,2
Papua New Guinea,1994,April,1138.659,2,0
Paraguay,1994,April,24.689,20,81
Peru,1994,April,1178.628,200,17
Rwanda,1994,April,22.449,1,4
Zimbabwe,1994,April,106.302,8.333,8
"Congo, Rep. of",1994,July,7.585,3,40
Cuba,1994,July,284.315,194,68
Dominican Republic,1994,July,729.67,330,45
Haiti,1994,July,450.246,330,73
Philippines,1994,July,876.764,790,90
Tanzania,1994,July,679.024,17.5,3
Zambia,1994,July,21.455,1.5,7
Cameroon,1994,October,405.557,100,25
Central African Republic,1994,October,249.512,15,6
Colombia,1994,October,12862.47,1375,11
"Congo, Dem. Rep. of",1994,October,1297.805,200,15
Costa Rica,1994,October,2481.942,375,15
Ivory Coast,1994,October,3006.444,50,2
El Salvador,1994,October,2293.468,230,10
Ethiopia,1994,October,2762.73,1476,53
Gabon,1994,October,7.701,1,13
Ghana,1994,October,57.176,28,49
Guatemala,1994,October,3787.336,310,8
Guinea,1994,October,198.357,50,25
Honduras,1994,October,2180.73,253,12
India,1994,October,3001.897,833.333,28
Jamaica,1994,October,44.598,15,34
Kenya,1994,October,1663.131,50,3
Liberia,1994,October,5,5,100
Mexico,1994,October,4158.777,1020,25
Nicaragua,1994,October,682.969,89.6,13
Nigeria,1994,October,51.631,40,77
Panama,1994,October,248.313,76.667,31
Sierra Leone,1994,October,72.738,5,7
Sri Lanka,1994,October,42.448,20,47
Thailand,1994,October,1399.135,283,20
Togo,1994,October,176.296,1,1
Trinidad &amp; Tobago,1994,October,18.435,14,76
Uganda,1994,October,2392.753,80,3
Venezuela,1994,October,988.996,923.4,93
Vietnam,1994,October,3631.609,267,7
Angola,1995,April,62.109,10,16
Bolivia,1995,April,151.985,40,26
Brazil,1995,April,18060.2022,10100,56
Burundi,1995,April,433.98,2,0
Ecuador,1995,April,1888.233,350,19
Indonesia,1995,April,4573.429,1443,32
Madagascar,1995,April,785.009,167,21
Malawi,1995,April,91.235,2,2
Papua New Guinea,1995,April,1002.363,2,0
Paraguay,1995,April,22.843,20,88
Peru,1995,April,1870.939,200,11
Rwanda,1995,April,329.078,1,0
Zimbabwe,1995,April,130.644,6.6,5
"Congo, Rep. of",1995,July,11.755,3,26
Cuba,1995,July,284.955,194,68
Dominican Republic,1995,July,885.625,350,40
Haiti,1995,July,513.945,330,64
Philippines,1995,July,849.59,810,95
Tanzania,1995,July,897.121,13.6,2
Zambia,1995,July,26.333,0.6,2
Cameroon,1995,October,660.04,100,15
Central African Republic,1995,October,108.065,10,9
Colombia,1995,October,12962.561,1500,12
"Congo, Dem. Rep. of",1995,October,1098.155,200,18
Costa Rica,1995,October,2843.596,375,13
Ivory Coast,1995,October,2531.864,50,2
El Salvador,1995,October,2585.179,270,10
Ethiopia,1995,October,3165.322,1555,49
Gabon,1995,October,1.768,0.8,45
Ghana,1995,October,56.528,28,50
Guatemala,1995,October,4001.604,310,8
Guinea,1995,October,104.164,50,48
Honduras,1995,October,1909.238,161,8
India,1995,October,3716.999,833.333,22
Jamaica,1995,October,43.084,15,35
Kenya,1995,October,1664.234,50,3
Liberia,1995,October,5,5,100
Mexico,1995,October,5299.888,1179,22
Nicaragua,1995,October,984.676,111.5,11
Nigeria,1995,October,53.038,40,75
Panama,1995,October,209.448,76.667,37
Sierra Leone,1995,October,43.768,8,18
Sri Lanka,1995,October,35.595,20,56
Thailand,1995,October,1317.226,417,32
Togo,1995,October,84.401,1,1
Trinidad &amp; Tobago,1995,October,17.629,14,79
Uganda,1995,October,3243.584,80,2
Venezuela,1995,October,1466.554,962.46,66
Vietnam,1995,October,3970.086,281.845,7
Angola,1996,April,70.925,20,28
Bolivia,1996,April,133.079,40,30
Brazil,1996,April,29196.743,11000,38
Burundi,1996,April,400.969,2,0
Ecuador,1996,April,1992.914,300,15
Indonesia,1996,April,8220.584,1486,18
Madagascar,1996,April,849.008,167,20
Malawi,1996,April,48.65,2,4
Papua New Guinea,1996,April,1089.348,2,0
Paraguay,1996,April,25.563,20,78
Peru,1996,April,1805.861,200,11
Rwanda,1996,April,293.003,1,0
Zimbabwe,1996,April,174.393,4,2
"Congo, Rep. of",1996,July,13.86,3,22
Cuba,1996,July,365.865,189,52
Dominican Republic,1996,July,518.848,325,63
Haiti,1996,July,428.387,330,77
Philippines,1996,July,889.819,831,93
Tanzania,1996,July,763.94,16.6,2
Zambia,1996,July,33.025,1,3
Cameroon,1996,October,1432.189,100,7
Central African Republic,1996,October,207.831,10,5
Colombia,1996,October,10719.063,1600,15
"Congo, Dem. Rep. of",1996,October,794.577,200,25
Costa Rica,1996,October,2221.915,375,17
Ivory Coast,1996,October,4858.592,50,1
El Salvador,1996,October,2533.568,230,9
Ethiopia,1996,October,3407.442,1637,48
Gabon,1996,October,1.279,833,65129
Ghana,1996,October,32.425,3,9
Guatemala,1996,October,4524.556,300,7
Guinea,1996,October,147.638,50,34
Honduras,1996,October,2004.388,167.924,8
India,1996,October,3417.454,833.333,24
Jamaica,1996,October,53.864,18,33
Kenya,1996,October,1246.753,50,4
Liberia,1996,October,5,5,100
Mexico,1996,October,5109.551,1235,24
Nicaragua,1996,October,793.305,95.37,12
Nigeria,1996,October,45.975,40,87
Panama,1996,October,210.742,76.667,36
Sierra Leone,1996,October,40.91,8,20
Sri Lanka,1996,October,36.999,20,54
Thailand,1996,October,1403.581,333,24
Togo,1996,October,290.586,1,0
Trinidad &amp; Tobago,1996,October,18.188,14,77
Uganda,1996,October,3418.724,80,2
Venezuela,1996,October,1206.162,1003.18,83
Vietnam,1996,October,5752.481,297.516,5
Angola,1997,April,64.33,40,62
Bolivia,1997,April,153.219,45,29
Brazil,1997,April,26148.004,11500,44
Burundi,1997,April,249.785,2,1
Ecuador,1997,April,1190.663,300,25
Indonesia,1997,April,7620.778,1532,20
Madagascar,1997,April,623.804,167,27
Malawi,1997,April,60.82,2,3
Papua New Guinea,1997,April,1074.021,2,0
Paraguay,1997,April,23.379,20,86
Peru,1997,April,1929.959,200,10
Rwanda,1997,April,193.422,3,2
Zimbabwe,1997,April,130.193,4,3
"Congo, Rep. of",1997,July,3.27,3,92
Cuba,1997,July,300.021,195,65
Dominican Republic,1997,July,941.242,325,35
Haiti,1997,July,431.818,330,76
Philippines,1997,July,935.472,853,91
Tanzania,1997,July,623.78,17,3
Zambia,1997,July,38.462,0.6,2
Cameroon,1997,October,888.942,100,11
Central African Republic,1997,October,114.354,10,9
Colombia,1997,October,12219.455,1600,13
"Congo, Dem. Rep. of",1997,October,811.217,200,25
Costa Rica,1997,October,2616.6,375,14
Ivory Coast,1997,October,4164.004,50,1
El Salvador,1997,October,2174.809,191.667,9
Ethiopia,1997,October,3056.864,1724,56
Gabon,1997,October,2.668,0.8,30
Ghana,1997,October,27.275,3,11
Guatemala,1997,October,4219.373,300,7
Guinea,1997,October,171.711,50,29
Honduras,1997,October,2564.405,161,6
India,1997,October,3805.089,833.333,22
Jamaica,1997,October,47.025,20,43
Kenya,1997,October,881.965,50,6
Liberia,1997,October,5,5,100
Mexico,1997,October,4801.561,1201,25
Nicaragua,1997,October,1083.523,123,11
Nigeria,1997,October,44.667,40,90
Panama,1997,October,217.469,80.615,37
Sierra Leone,1997,October,49.679,5,10
Sri Lanka,1997,October,57.584,20,35
Thailand,1997,October,1293.076,390,30
Togo,1997,October,221.078,1,0
Trinidad &amp; Tobago,1997,October,19.392,14,72
Uganda,1997,October,3439.868,101.19,3
Venezuela,1997,October,951.285,1045.61,110
Vietnam,1997,October,6978.942,314.058,5
Angola,1998,April,85.344,30,35
Bolivia,1998,April,149.985,45,30
Brazil,1998,April,36760.8533,12200,33
Burundi,1998,April,491.992,2,0
Ecuador,1998,April,1205.968,300,25
Indonesia,1998,April,7295.955,1578,22
Madagascar,1998,April,991.799,167,17
Malawi,1998,April,64.321,2,3
Papua New Guinea,1998,April,1352.149,1,0
Paraguay,1998,April,58.347,20,34
Peru,1998,April,2102.298,200,10
Rwanda,1998,April,222.637,3,1
Zimbabwe,1998,April,149.45,4,3
"Congo, Rep. of",1998,July,3,3,100
Cuba,1998,July,279.953,200,71
Dominican Republic,1998,July,486.592,325,67
Haiti,1998,July,439.247,330,75
Philippines,1998,July,676.729,810,120
Tanzania,1998,July,739.312,17,2
Zambia,1998,July,61.686,0.6,1
Cameroon,1998,October,1113.94,100,9
Central African Republic,1998,October,214.582,19,9
Colombia,1998,October,10979.094,1600,15
"Congo, Dem. Rep. of",1998,October,738.083,200,27
Costa Rica,1998,October,2445.12,375,15
Ivory Coast,1998,October,1991.547,50,3
El Salvador,1998,October,2054.628,191.667,9
Ethiopia,1998,October,2927.725,1816,62
Gabon,1998,October,3.765,0.8,21
Ghana,1998,October,54.436,1,2
Guatemala,1998,October,4892.964,300,6
Guinea,1998,October,421.266,50,12
Guyana,1998,October,5.9811,4.867,81
Honduras,1998,October,2195.145,138,6
India,1998,October,4416.768,833,19
Jamaica,1998,October,29.083,14.8,51
Kenya,1998,October,1172.882,50,4
Liberia,1998,October,17.779,5,28
Mexico,1998,October,4801.348,1108,23
Nicaragua,1998,October,1073.08,126.5,12
Nigeria,1998,October,53.405,40,75
Panama,1998,October,191.996,67,35
Sierra Leone,1998,October,26.882,5,19
Sri Lanka,1998,October,45.738,30,66
Thailand,1998,October,915.986,433,47
Togo,1998,October,321.486,2,1
Trinidad &amp; Tobago,1998,October,17.018,14,82
Uganda,1998,October,3385.839,116,3
Venezuela,1998,October,1597.279,1089.84,68
Vietnam,1998,October,7051.722,331.519,5
Angola,1999,April,54.939,20,36
Bolivia,1999,April,183.702,60,33
Brazil,1999,April,47577.8065,12700,27
Burundi,1999,April,350.55,2,1
Ecuador,1999,April,1197.6832,230,19
Indonesia,1999,April,6557.0662,1626,25
Madagascar,1999,April,427.317,56,13
Malawi,1999,April,59,1,2
Papua New Guinea,1999,April,1387.0519,2,0
Paraguay,1999,April,20.241,20,99
Peru,1999,April,2743.533,200,7
Rwanda,1999,April,307.275,2,1
Zimbabwe,1999,April,125.4843,4,3
"Congo, Rep. of",1999,July,3,3,100
Cuba,1999,July,327.9874,200,61
Dominican Republic,1999,July,606.879,325,54
Haiti,1999,July,399.027,340,85
Philippines,1999,July,621.7634,862,139
Tanzania,1999,July,842.2181,14,2
Zambia,1999,July,58.725,0.6,1
Cameroon,1999,October,1369.824,100,7
Central African Republic,1999,October,240.682,21,9
Colombia,1999,October,9678.7709,1400,14
"Congo, Dem. Rep. of",1999,October,477.154,200,42
Costa Rica,1999,October,2485.33,375,15
Ivory Coast,1999,October,6320.4388,50,1
El Salvador,1999,October,2598.1449,153.3,6
Ethiopia,1999,October,3784.051,1912,51
Gabon,1999,October,2.057,715,34759
Ghana,1999,October,88.9011,1,1
Guatemala,1999,October,5120.1288,300,6
Guinea,1999,October,363.707,50,14
Guyana,1999,October,5.0876,4.35,86
Honduras,1999,October,2985.005,168,6
India,1999,October,4866.5892,917,19
Jamaica,1999,October,37.9705,11,29
Kenya,1999,October,1501.891,50,3
Liberia,1999,October,12.163,5,41
Mexico,1999,October,6218.6765,1150,18
Nicaragua,1999,October,1554.0548,130.3,8
Nigeria,1999,October,45.067,40,89
Panama,1999,October,166.381,67,40
Sierra Leone,1999,October,59.02,5,8
Sri Lanka,1999,October,31.716,30,95
Thailand,1999,October,1272.8378,433,34
Togo,1999,October,262.808,2,1
Trinidad &amp; Tobago,1999,October,16.89,14,83
Uganda,1999,October,2862.447,119,4
Venezuela,1999,October,1366.835,1135.94,83
Vietnam,1999,October,11630.9138,350,3
Angola,2000,April,49.785,20,40
Bolivia,2000,April,172.604,60,35
Brazil,2000,April,31310.353,13200,42
Burundi,2000,April,487.46,2,0
Ecuador,2000,April,853.817,200,23
Indonesia,2000,April,6987.2397,1676,24
Madagascar,2000,April,362.1618,89.1,25
Malawi,2000,April,63.138,1,2
Papua New Guinea,2000,April,1040.7392,2,0
Paraguay,2000,April,42.402,20,47
Peru,2000,April,2675.593,200,7
Rwanda,2000,April,273.363,2,1
Zimbabwe,2000,April,108.523,4,4
"Congo, Rep. of",2000,July,3,3,100
Cuba,2000,July,312.4345,213,68
Dominican Republic,2000,July,467.038,325,70
Haiti,2000,July,419.85,340,81
Philippines,2000,July,340.9218,820,241
Tanzania,2000,July,808.8714,15,2
Zambia,2000,July,93.374,0.6,1
Cameroon,2000,October,1113.143,75,7
Central African Republic,2000,October,113.313,3,3
Colombia,2000,October,10399.887,1400,13
"Congo, Dem. Rep. of",2000,October,362.535,200,55
Costa Rica,2000,October,2418.536,375,16
Ivory Coast,2000,October,4845.586,316.667,7
El Salvador,2000,October,1704.4498,144,8
Ethiopia,2000,October,3115.149,2014,65
Ghana,2000,October,76.456,1,1
Guatemala,2000,October,4939.753,300,6
Guinea,2000,October,399.992,50,13
Guyana,2000,October,2.8718,1.883,66
Honduras,2000,October,2666.658,230,9
India,2000,October,5019.7666,1000,20
Jamaica,2000,October,36.8774,12.067,33
Kenya,2000,October,1001.8641,50,5
Liberia,2000,October,12.305,5,41
Mexico,2000,October,4814.9789,1305,27
Nicaragua,2000,October,1572.4326,174.93,11
Nigeria,2000,October,49.431,40,81
Panama,2000,October,170.226,67,39
Sierra Leone,2000,October,49.155,5,10
Sri Lanka,2000,October,33.28,30,90
Thailand,2000,October,1692.2342,500,30
Togo,2000,October,197.401,2,1
Trinidad &amp; Tobago,2000,October,16.393,14,85
Uganda,2000,October,3400.683,142,4
Venezuela,2000,October,1449.924,1183.99,82
Vietnam,2000,October,14841.309,401.625,3
Angola,2001,April,20.69,20,97
Bolivia,2001,April,117.516,60,51
Brazil,2001,April,31365.0955,13590,43
Burundi,2001,April,143.982,2,1
Ecuador,2001,April,792.847,200,25
Indonesia,2001,April,6833.356,2000,29
Madagascar,2001,April,147.236,128,87
Malawi,2001,April,60.39,1,2
Papua New Guinea,2001,April,1062.593,2,0
Paraguay,2001,April,19.6,20,102
Peru,2001,April,2828.946,200,7
Rwanda,2001,April,295.51,2,1
Zimbabwe,2001,April,121.042,4,3
"Congo, Rep. of",2001,July,3,3,100
Cuba,2001,July,284.974,220,77
Dominican Republic,2001,July,386.958,340.198,88
Haiti,2001,July,402.64,340,84
Philippines,2001,July,262.682,821,313
Tanzania,2001,July,624.089,15,2
Zambia,2001,July,99.672,0.6,1
Cameroon,2001,October,685.677,69,10
Central African Republic,2001,October,68.172,3,4
Colombia,2001,October,11962.441,1400,12
"Congo, Dem. Rep. of",2001,October,423.184,200,47
Costa Rica,2001,October,2246.7,375,17
Ivory Coast,2001,October,3596.116,316.667,9
El Salvador,2001,October,1693.966,153.3,9
Ethiopia,2001,October,4044.24,2121,52
Gabon,2001,October,822,0.3,0
Ghana,2001,October,7.285,1,14
Guatemala,2001,October,3668.96,300,8
Guinea,2001,October,235.979,50,21
Guyana,2001,October,5.2563,4.167,79
Honduras,2001,October,3036.252,200,7
India,2001,October,5010.313,1067,21
Jamaica,2001,October,30.775,10,32
Kenya,2001,October,990.531,50,5
Liberia,2001,October,11.833,5,42
Mexico,2001,October,4438.404,1500,34
Nicaragua,2001,October,1078.752,177.323,16
Nigeria,2001,October,44.003,40,91
Panama,2001,October,159.939,67,42
Sierra Leone,2001,October,79.2,5,6
Sri Lanka,2001,October,31.531,30,95
Thailand,2001,October,714.5,500,70
Togo,2001,October,112.018,2,2
Trinidad &amp; Tobago,2001,October,16.165,14,87
Uganda,2001,October,3157.777,141,4
Venezuela,2001,October,1264.613,1234.07,98
Vietnam,2001,October,13093.244,460.865,4
Angola,2002,April,56.64,20,35
Bolivia,2002,April,149.168,60,40
Brazil,2002,April,48351.634,13750,28
Burundi,2002,April,453.732,2,0
Ecuador,2002,April,582.224,150,26
Indonesia,2002,April,6731.376,1779,26
Madagascar,2002,April,445.455,217,49
Malawi,2002,April,42.464,1,2
Papua New Guinea,2002,April,1085.147,2,0
Paraguay,2002,April,26.0485,20,77
Peru,2002,April,3000.32,220,7
Rwanda,2002,April,319.68,333,104
Zimbabwe,2002,April,110.121,4,4
"Congo, Rep. of",2002,July,3,3,100
Cuba,2002,July,239.105,224,94
Dominican Republic,2002,July,455.198,340.198,75
Haiti,2002,July,373.945,340,91
Philippines,2002,July,255.21,829,325
Tanzania,2002,July,823.609,15,2
Zambia,2002,July,118.927,0.6,1
Cameroon,2002,October,800.795,69,9
Central African Republic,2002,October,92.094,3.787,4
Colombia,2002,October,11735.253,1400,12
"Congo, Dem. Rep. of",2002,October,337.873,200,59
Costa Rica,2002,October,2043.413,375,18
Ivory Coast,2002,October,3009.64,316.667,11
El Salvador,2002,October,1361.376,153.3,11
Ethiopia,2002,October,4093.902,2234,55
Gabon,2002,October,1.25,0.3,24
Ghana,2002,October,33.6323,1,3
Guatemala,2002,October,4069.953,300,7
Guinea,2002,October,328.229,50,15
Guyana,2002,October,5.2013,4.35,84
Honduras,2002,October,2495.886,200,8
India,2002,October,4587.889,1133,25
Jamaica,2002,October,37.123,9,24
Kenya,2002,October,945.402,50,5
"Lao, People's Dem. Rep. of",2002,October,402.0043,158,39
Liberia,2002,October,12.482,5,40
Mexico,2002,October,4351.426,1500,34
Nicaragua,2002,October,1170.017,179.624,15
Nigeria,2002,October,49.815,40,80
Panama,2002,October,139.962,67,48
Sierra Leone,2002,October,41.7289,5,12
Sri Lanka,2002,October,34.3807,30,87
Thailand,2002,October,731.9,500,68
Togo,2002,October,68.205,2,3
Trinidad &amp; Tobago,2002,October,16.5524,14,85
Uganda,2002,October,2890.058,140,5
Venezuela,2002,October,1483.5896,1286.27,87
Vietnam,2002,October,11573.935,518.842,4
Angola,2003,April,38.013,15,39
Bolivia,2003,April,124.823,60,48
Brazil,2003,April,28873.4093,14200,49
Burundi,2003,April,337.858,2,1
Ecuador,2003,April,640.79,150,23
Indonesia,2003,April,6404.076,1833,29
Madagascar,2003,April,434.658,333,77
Malawi,2003,April,48.155,1,2
Papua New Guinea,2003,April,1154.944,2,0
Paraguay,2003,April,51.7261,20,39
Peru,2003,April,2685.986,220,8
Rwanda,2003,April,265.742,333,125
Zimbabwe,2003,April,91.649,4,4
"Congo, Rep. of",2003,July,3,3,100
Cuba,2003,July,223.507,224,100
Dominican Republic,2003,July,350.673,340,97
Haiti,2003,July,373.842,340,91
Philippines,2003,July,292.691,917,313
Tanzania,2003,July,611.734,27,4
Zambia,2003,July,100.333,0.6,1
Cameroon,2003,October,900.282,69,8
Central African Republic,2003,October,42.73,3.787,9
Colombia,2003,October,11230.157,1400,12
"Congo, Dem. Rep. of",2003,October,451.06,200,44
Costa Rica,2003,October,1886.432,375,20
Ivory Coast,2003,October,2981.252,316.667,11
El Salvador,2003,October,1380.097,153.3,11
Ethiopia,2003,October,4393.717,2353,54
Gabon,2003,October,0.3,0.3,100
Ghana,2003,October,18.1419,1,6
Guatemala,2003,October,3609.931,300,8
Guinea,2003,October,365.529,50,14
Guyana,2003,October,5.4252,4.75,88
Honduras,2003,October,2967.865,200,7
India,2003,October,4508.272,1167,26
Jamaica,2003,October,37.4471,9,24
Kenya,2003,October,673.422,50,7
"Lao, People's Dem. Rep. of",2003,October,361.4625,103,28
Liberia,2003,October,5.08,5,98
Mexico,2003,October,4201.0193,1500,36
Nicaragua,2003,October,1509.098,181.915,12
Nigeria,2003,October,46.1504,40,87
Panama,2003,October,172.062,67,39
Sierra Leone,2003,October,35.5163,5,14
Sri Lanka,2003,October,36.8942,30,81
Thailand,2003,October,826.567,500,60
Togo,2003,October,143.792,2,1
Trinidad &amp; Tobago,2003,October,16.0967,14,87
Uganda,2003,October,2598.532,131,5
Venezuela,2003,October,1420.5247,1340.68,94
Vietnam,2003,October,15337.352,606.846,4
Yemen,2003,October,193.3027,146,76
Angola,2004,April,14.77,15,102
Bolivia,2004,April,169.8071,60,35
Brazil,2004,April,39281.1457,14946,38
Burundi,2004,April,437.036,2,0
Ecuador,2004,April,780.435,150,19
Indonesia,2004,April,7536.371,2000,27
Madagascar,2004,April,521.66,467,90
Malawi,2004,April,20.615,1,5
Papua New Guinea,2004,April,997.514,2,0
Paraguay,2004,April,26.2389,20,76
Peru,2004,April,3425.1559,220,6
Rwanda,2004,April,449.733,1,0
Zimbabwe,2004,April,120.3133,4,3
"Congo, Rep. of",2004,July,3,3,100
Cuba,2004,July,179.984,224,124
Dominican Republic,2004,July,490.679,377.998,77
Haiti,2004,July,365.211,340,93
Philippines,2004,July,354.813,1020,287
Tanzania,2004,July,763.182,37,5
Zambia,2004,July,110.377,0.6,1
Cameroon,2004,October,727.382,69,9
Central African Republic,2004,October,28.715,3,10
Colombia,2004,October,11572.523,1400,12
"Congo, Dem. Rep. of",2004,October,359.754,200,56
Costa Rica,2004,October,1875.8399,375,20
Ivory Coast,2004,October,2135.5998,316.667,15
El Salvador,2004,October,1196.873,172.5,14
Ethiopia,2004,October,5212.951,2478,48
Gabon,2004,October,0.3,0.3,100
Ghana,2004,October,18.1139,1.59,9
Guatemala,2004,October,3703.026,300,8
Guinea,2004,October,316.116,50,16
Guyana,2004,October,6.0561,5.5,91
Honduras,2004,October,2575.144,230,9
India,2004,October,4592.0102,1250,27
Jamaica,2004,October,21.3066,9,42
Kenya,2004,October,735.583,50,7
"Lao, People's Dem. Rep. of",2004,October,379.4417,135,36
Liberia,2004,October,5.78,5,87
Mexico,2004,October,3867.3474,1500,39
Nicaragua,2004,October,1068.077,184.278,17
Nigeria,2004,October,45.1379,40,89
Panama,2004,October,90.3892,67,74
Sierra Leone,2004,October,14.5255,5,34
Sri Lanka,2004,October,31.6437,30,95
Thailand,2004,October,884.383,500,57
Togo,2004,October,165.522,2,1
Trinidad &amp; Tobago,2004,October,15.1235,14,93
Uganda,2004,October,2612.619,140,5
Venezuela,2004,October,1326.5336,1397.39,105
Vietnam,2004,October,14370.453,696.356,5
Yemen,2004,October,205.5589,136,66
Angola,2005,April,24.965,15,60
Bolivia,2005,April,128.9692,60,47
Brazil,2005,April,32932.9797,15538,47
Burundi,2005,April,103.315,1.906,2
Ecuador,2005,April,935.3007,150,16
Indonesia,2005,April,9158.9594,2500,27
Madagascar,2005,April,599.149,467,78
Malawi,2005,April,24.416,1,4
Papua New Guinea,2005,April,1268.1328,2,0
Paraguay,2005,April,45.2369,20,44
Peru,2005,April,2488.8349,220,9
Rwanda,2005,April,337.0107,1,0
Zimbabwe,2005,April,65.9299,4,6
"Congo, Rep. of",2005,July,3,3,100
Cuba,2005,July,99.5833,224,225
Dominican Republic,2005,July,310.0469,377.998,122
Haiti,2005,July,356.0064,340,96
Philippines,2005,July,432.3372,1040,241
Tanzania,2005,July,804.4066,47,6
Zambia,2005,July,102.936,0.6,1
Cameroon,2005,October,869.7157,69,8
Central African Republic,2005,October,23.1639,3,13
Colombia,2005,October,12564.2337,1400,11
"Congo, Dem. Rep. of",2005,October,336.198,200,59
Costa Rica,2005,October,1652.5288,375,23
Ivory Coast,2005,October,2099.0447,316.667,15
El Salvador,2005,October,1318.587,224.1,17
Ethiopia,2005,October,4779.486,2609,55
Gabon,2005,October,691,0.3,0
Ghana,2005,October,12.3749,1.59,13
Guatemala,2005,October,3675.5298,300,8
Guinea,2005,October,524.884,50,10
Guyana,2005,October,7.0144,5.6,80
Honduras,2005,October,3204.361,230,7
India,2005,October,4567.2898,1337,29
Jamaica,2005,October,34.2777,9,26
Kenya,2005,October,660.135,50,8
"Lao, People's Dem. Rep. of",2005,October,279.646,140,50
Liberia,2005,October,5.361,5,93
Mexico,2005,October,4224.6637,1725,41
Nicaragua,2005,October,1431.8115,186.719,13
Nigeria,2005,October,68.5718,40,58
Panama,2005,October,176.3307,67,38
Sierra Leone,2005,October,59.9662,5,8
Sri Lanka,2005,October,34.9432,30,86
Thailand,2005,October,1063.9651,500,47
Togo,2005,October,140.0759,2,1
Trinidad &amp; Tobago,2005,October,14.8624,14,94
Uganda,2005,October,2175.201,150,7
Venezuela,2005,October,1506.3009,1456.5,97
Vietnam,2005,October,13841.8363,800,6
Yemen,2005,October,203.1808,138,68
Angola,2006,April,35.095,30,85
Bolivia,2006,April,164.4297,60,36
Brazil,2006,April,42986.9148,16331,38
Burundi,2006,April,498.5,1.56,0
Ecuador,2006,April,1034.5199,150,14
Indonesia,2006,April,7482.6737,2833,38
Madagascar,2006,April,586.51,467,80
Malawi,2006,April,16.663,1,6
Papua New Guinea,2006,April,807.2202,2,0
Paraguay,2006,April,25.7472,20,78
Peru,2006,April,4319.0586,220,5
Rwanda,2006,April,351.013,1,0
Zimbabwe,2006,April,45.149,4,9
"Congo, Rep. of",2006,July,3,3,100
Cuba,2006,July,104.85,224,214
Dominican Republic,2006,July,386.6671,377.998,98
Haiti,2006,July,362.112,340,94
Philippines,2006,July,441.1089,1060,240
Tanzania,2006,July,821.807,47,6
Zambia,2006,July,56.0696,0.6,1
Cameroon,2006,October,818.1664,69,8
Central African Republic,2006,October,113.5037,3,3
Colombia,2006,October,11758.6936,1194.633,10
"Congo, Dem. Rep. of",2006,October,377.5227,200,53
Costa Rica,2006,October,1706.0731,375,22
Ivory Coast,2006,October,2847.9404,316.667,11
El Salvador,2006,October,1233.661,253.8,21
Ethiopia,2006,October,5550.74,2748,50
Gabon,2006,October,1.403,0.3,21
Ghana,2006,October,20.2111,1,5
Guatemala,2006,October,3950.3303,300,8
Guinea,2006,October,472.9477,50,11
Guyana,2006,October,7.5796,5.717,75
Honduras,2006,October,3461.2816,230,7
India,2006,October,4799.7424,1416.669,30
Jamaica,2006,October,40.1196,9,22
Kenya,2006,October,826.08,50,6
"Lao, People's Dem. Rep. of",2006,October,391.0986,140,36
Liberia,2006,October,6.7276,5,74
Mexico,2006,October,4200.3381,2000,48
Nicaragua,2006,October,1427.9262,189.185,13
Nigeria,2006,October,50.7351,40,79
Panama,2006,October,173.1015,67,39
Sierra Leone,2006,October,31.472,5,16
Sri Lanka,2006,October,32.875,30,91
Thailand,2006,October,822.4689,500,61
Togo,2006,October,133.95,2,1
Trinidad &amp; Tobago,2006,October,11.6981,11,94
Uganda,2006,October,2894.16,175,6
Venezuela,2006,October,1570.8961,1518.11,97
Vietnam,2006,October,19339.7501,917,5
Yemen,2006,October,207.234,138,67
Angola,2007,April,35.631,30,84
Bolivia,2007,April,132.5292,60,45
Brazil,2007,April,38971.7101,17110,44
Burundi,2007,April,132.856,1.357,1
Ecuador,2007,April,950.4028,150,16
Indonesia,2007,April,7776.5557,3333,43
Madagascar,2007,April,614.1661,467,76
Malawi,2007,April,18.812,1,5
Papua New Guinea,2007,April,967.7113,2,0
Paraguay,2007,April,38.6339,20,52
Peru,2007,April,3062.9307,220,7
Rwanda,2007,April,224.0446,1,0
Zimbabwe,2007,April,31.2441,4,13
"Congo, Rep. of",2007,July,3,3,100
Cuba,2007,July,109.8567,224,204
Dominican Republic,2007,July,464.9084,378,81
Haiti,2007,July,359.4114,340,95
Philippines,2007,July,445.6113,1060,238
Tanzania,2007,July,809.7958,47,6
Zambia,2007,July,61.4737,1,2
Cameroon,2007,October,795.3046,69,9
Central African Republic,2007,October,43.467,3.333,8
Colombia,2007,October,12515.4534,1280.923,10
"Congo, Dem. Rep. of",2007,October,415.9287,200,48
Costa Rica,2007,October,1797.1373,375,21
Ivory Coast,2007,October,1338.1445,317,24
El Salvador,2007,October,1504.9911,250.5,17
Ethiopia,2007,October,5966.6796,2894,49
Gabon,2007,October,721,0.3,0
Ghana,2007,October,34.6644,2,6
Guatemala,2007,October,4099.6768,300,7
Guinea,2007,October,322.6894,50,15
Guyana,2007,October,8.6174,7,81
Honduras,2007,October,3639.7929,245,7
India,2007,October,4366.6594,1500,34
Jamaica,2007,October,20.1766,9,45
Kenya,2007,October,652.105,50,8
"Lao, People's Dem. Rep. of",2007,October,393.123,140,36
Liberia,2007,October,6.8511,5,73
Mexico,2007,October,4150.3183,2200,53
Nicaragua,2007,October,1905.6714,191.645,10
Nigeria,2007,October,42.1658,40,95
Panama,2007,October,176.0553,67,38
Sierra Leone,2007,October,40.0011,5,12
Sri Lanka,2007,October,33.4906,30,90
Thailand,2007,October,650.4208,550,85
Togo,2007,October,125.131,2,2
Trinidad &amp; Tobago,2007,October,12.1349,11,91
Uganda,2007,October,3489.648,180.25,5
Venezuela,2007,October,1520.4505,1582.33,104
Vietnam,2007,October,16405.0988,938,6
Yemen,2007,October,197.9537,130,66
Angola,2008,April,37.61,30,80
Bolivia,2008,April,135.4186,60,44
Brazil,2008,April,50490.0837,17660,35
Burundi,2008,April,411.7822,1.435,0
Ecuador,2008,April,770.6473,150,19
Indonesia,2008,April,9612.3466,3333,35
Madagascar,2008,April,727.6884,467,64
Malawi,2008,April,20.753,1,5
Papua New Guinea,2008,April,1027.6529,2,0
Paraguay,2008,April,20.0154,20,100
Peru,2008,April,3872.262,250,6
Rwanda,2008,April,368.7282,1,0
Zimbabwe,2008,April,24.2492,4,16
"Congo, Rep. of",2008,July,3,3,100
Cuba,2008,July,133.4523,220,165
Dominican Republic,2008,July,645.0295,378,59
Haiti,2008,July,358.6822,340,95
Philippines,2008,July,586.8337,1720,293
Tanzania,2008,July,1186.2823,47,4
Zambia,2008,July,34.6967,1,3
Cameroon,2008,October,724.9004,69,10
Central African Republic,2008,October,59.616,5,8
Colombia,2008,October,8663.2373,1290.5,15
"Congo, Dem. Rep. of",2008,October,421.9583,200,47
Costa Rica,2008,October,1499.918,267.859,18
Ivory Coast,2008,October,2526.3263,317,13
El Salvador,2008,October,1450.2264,244.3,17
Ethiopia,2008,October,4948.9869,3048,62
Gabon,2008,October,2.067,275,13304
Ghana,2008,October,26.4006,2,8
Guatemala,2008,October,3784.9658,335,9
Guinea,2008,October,504.7819,50,10
Guyana,2008,October,9.8722,8.467,86
Honduras,2008,October,3449.9872,268.333,8
India,2008,October,4378.002,1573.336,36
Jamaica,2008,October,31.8915,9,28
Kenya,2008,October,541.075,50,9
"Lao, People's Dem. Rep. of",2008,October,405.6104,150,37
Liberia,2008,October,12.4117,5,40
Mexico,2008,October,4650.6492,2200,47
Nicaragua,2008,October,1444.7342,194.147,13
Nigeria,2008,October,50.0048,40,80
Panama,2008,October,149.1609,67,45
Sierra Leone,2008,October,86.2856,5,6
Sri Lanka,2008,October,30.8644,30,97
Thailand,2008,October,674.5626,600,89
Togo,2008,October,137.7531,2,1
Trinidad &amp; Tobago,2008,October,11.4194,11,96
Uganda,2008,October,3335.167,185,6
Venezuela,2008,October,932.4219,1649.26,177
Vietnam,2008,October,18438.1201,1021,6
Yemen,2008,October,219.7968,130,59
Angola,2009,April,13.42,30,224
Bolivia,2009,April,142.4751,60,42
Brazil,2009,April,43976.812,18390,42
Burundi,2009,April,111.613,1.399,1
Ecuador,2009,April,813.2849,150,18
Indonesia,2009,April,11379.6699,3333,29
Madagascar,2009,April,456.9613,467,102
Malawi,2009,April,16.922,1,6
Papua New Guinea,2009,April,1037.9942,2,0
Paraguay,2009,April,20.0167,20,100
Peru,2009,April,3286.0867,250,8
Rwanda,2009,April,258.9411,1,0
Zimbabwe,2009,April,21.3683,4,19
"Congo, Rep. of",2009,July,3,3,100
Cuba,2009,July,92.103,220,239
Dominican Republic,2009,July,352.4645,378,107
Haiti,2009,July,350.5835,340,97
Philippines,2009,July,730.4181,1820,249
Tanzania,2009,July,674.9343,47,7
Cameroon,2009,October,902.2813,69,8
Central African Republic,2009,October,112.109,8.333,7
Colombia,2009,October,8097.7801,1269.863,16
"Congo, Dem. Rep. of",2009,October,345.8372,200,58
Costa Rica,2009,October,1476.7476,295.441,20
Ivory Coast,2009,October,1988.6994,317,16
El Salvador,2009,October,1074.6297,268.3,25
Ethiopia,2009,October,6931.199,3210,46
Gabon,2009,October,493,0.25,0
Ghana,2009,October,36.9277,2,5
Guatemala,2009,October,3834.7868,320,8
Guinea,2009,October,499.2465,50,10
Guyana,2009,October,9.1767,8.233,90
Honduras,2009,October,3602.9169,306.667,9
India,2009,October,4826.6521,1700,35
Jamaica,2009,October,25.0842,9,36
Kenya,2009,October,629.74,50,8
"Lao, People's Dem. Rep. of",2009,October,433.8689,150,35
Liberia,2009,October,12.692,5,39
Mexico,2009,October,4108.6243,2200,54
Nicaragua,2009,October,1871.1206,196.622,11
Nigeria,2009,October,34.2687,40,117
Panama,2009,October,137.7393,67,49
Sierra Leone,2009,October,90.7017,5,6
Sri Lanka,2009,October,31.5032,30,95
Thailand,2009,October,794.7965,700,88
Togo,2009,October,201.8831,2,1
Trinidad &amp; Tobago,2009,October,11.4069,11,96
Uganda,2009,October,2893.876,188.7,7
Venezuela,2009,October,1213.7061,1650,136
Vietnam,2009,October,17825.3453,1208,7
Yemen,2009,October,135.1816,130,96
Angola,2010,April,34.97,30,86
Bolivia,2010,April,129.7249,60,46
Brazil,2010,April,53428.4102,19132,36
Burundi,2010,April,352.9776,2,1
Ecuador,2010,April,853.9798,150,18
Indonesia,2010,April,9128.5118,3333,37
Madagascar,2010,April,529.7233,467,88
Malawi,2010,April,16.9285,1,6
Papua New Guinea,2010,April,866.5184,1.43,0
Paraguay,2010,April,20.1965,20,99
Peru,2010,April,4068.823,250,6
Rwanda,2010,April,322.9191,1,0
Timor-Leste,2010,April,60.1017,0.49,1
Zimbabwe,2010,April,10.0859,4,40
"Congo, Rep. of",2010,July,3,3,100
Cuba,2010,July,108.497,220,203
Dominican Republic,2010,July,378.1562,378,100
Haiti,2010,July,349.5281,340,97
Philippines,2010,July,189.0533,2125,1124
Tanzania,2010,July,845.9077,47,6
Cameroon,2010,October,527.1347,68.333,13
Central African Republic,2010,October,78.462,10,13
Colombia,2010,October,8522.6874,1307.808,15
"Congo, Dem. Rep. of",2010,October,305.1575,200,66
Costa Rica,2010,October,1613.6996,407.221,25
Ivory Coast,2010,October,836.724,317,38
El Salvador,2010,October,1873.269,276,15
Ethiopia,2010,October,7500.3848,3383,45
Gabon,2010,October,1.8323,947,51684
Ghana,2010,October,92.3075,2,2
Guatemala,2010,October,3949.9335,340,9
Guinea,2010,October,386.4609,50,13
Guyana,2010,October,9.1433,8.5,93
Honduras,2010,October,4330.6854,335,8
India,2010,October,5032.9734,1800,36
Jamaica,2010,October,20.5548,9,44
Kenya,2010,October,640.8736,50,8
"Lao, People's Dem. Rep. of",2010,October,544.3616,150,28
Liberia,2010,October,10.4386,5,48
Mexico,2010,October,4001.4319,2354,59
Nicaragua,2010,October,1637.8216,202.745,12
Nigeria,2010,October,42.0553,40,95
Panama,2010,October,113.8499,67,59
Sierra Leone,2010,October,32.9146,5,15
Sri Lanka,2010,October,37.0877,35,94
Thailand,2010,October,828.1734,775,94
Togo,2010,October,160.2912,2,1
Trinidad &amp; Tobago,2010,October,10.3587,10,97
Uganda,2010,October,3267.232,204,6
Venezuela,2010,October,1202.1338,1650,137
Vietnam,2010,October,19999.9999,1583,8
Yemen,2010,October,161.1675,130,81
Angola,2011,April,28.715,30,104
Bolivia,2011,April,142.8354,60,42
Brazil,2011,April,50591.8289,19720,39
Burundi,2011,April,204.1328,2,1
Ecuador,2011,April,825.4144,150,18
Indonesia,2011,April,6888.9233,3667,53
Madagascar,2011,April,584.8528,450,77
Malawi,2011,April,25.8264,1,4
Papua New Guinea,2011,April,1413.8545,1.236,0
Paraguay,2011,April,20.0195,20,100
Peru,2011,April,5372.5296,250,5
Rwanda,2011,April,251.071,1,0
Timor-Leste,2011,April,47.3531,0.49,1
Zimbabwe,2011,April,8.8564,4,45
"Congo, Rep. of",2011,July,3,3,100
Cuba,2011,July,100.158,220,220
Dominican Republic,2011,July,490.5415,378,77
Haiti,2011,July,349.1949,340,97
Philippines,2011,July,179.6611,2175,1211
Tanzania,2011,July,641.0391,58.95,9
Cameroon,2011,October,669.3245,70.017,10
Central African Republic,2011,October,91.325,13.333,15
Colombia,2011,October,7652.1286,1438.709,19
"Congo, Dem. Rep. of",2011,October,356.5382,200,56
Costa Rica,2011,October,1830.8955,380.888,21
Ivory Coast,2011,October,2216.3419,317,14
El Salvador,2011,October,1163.7647,273.4,23
Ethiopia,2011,October,6798.4099,3383,50
Gabon,2011,October,782,1.032,0
Ghana,2011,October,93.7062,2,2
Guatemala,2011,October,3850.3876,350,9
Guinea,2011,October,385.5106,50,13
Guyana,2011,October,10.0809,8.6,85
Honduras,2011,October,5882.1354,340,6
India,2011,October,5232.5414,1917,37
Jamaica,2011,October,24.0073,9,37
Kenya,2011,October,757.3153,50,7
"Lao, People's Dem. Rep. of",2011,October,514.0001,150,29
Liberia,2011,October,10.2354,5,49
Mexico,2011,October,4561.0578,2354,52
Nicaragua,2011,October,2193.421,205.261,9
Nigeria,2011,October,46.8796,40,85
Panama,2011,October,105.6314,67,63
Sierra Leone,2011,October,78.2979,5,6
Sri Lanka,2011,October,35.6993,35,98
Thailand,2011,October,831.2755,1100,132
Togo,2011,October,160.047,0.21,0
Trinidad &amp; Tobago,2011,October,11.1577,10,90
Uganda,2011,October,3115.063,210,7
Venezuela,2011,October,902.0717,1650,183
Vietnam,2011,October,26499.6111,1650,6
Yemen,2011,October,185.0677,130,70
Angola,2012,April,32.79,30,91
Bolivia,2012,April,114.7812,60,52
Brazil,2012,April,55420.225,20330,37
Burundi,2012,April,405.9615,2,0
Ecuador,2012,April,828.1024,150,18
Indonesia,2012,April,13070.0386,3900,30
Madagascar,2012,April,499.7094,430,86
Malawi,2012,April,22.8262,1,4
Papua New Guinea,2012,April,716.488,1.711,0
Paraguay,2012,April,20.0065,20,100
Peru,2012,April,4450.0478,250,6
Rwanda,2012,April,258.5591,1,0
Timor-Leste,2012,April,60.7483,0.49,1
Zimbabwe,2012,April,7.3208,4,55
"Congo, Rep. of",2012,July,3,3,100
Cuba,2012,July,88.142,220,250
Dominican Republic,2012,July,488.4307,378,77
Haiti,2012,July,349.7319,340,97
Philippines,2012,July,177.4616,2325,1310
Tanzania,2012,July,1151.1215,71.7,6
Cameroon,2012,October,371.0197,71.733,19
Central African Republic,2012,October,22.89,16.667,73
Colombia,2012,October,9926.7855,1441.209,15
"Congo, Dem. Rep. of",2012,October,334.0453,200,60
Costa Rica,2012,October,1822.6906,423.097,23
Ivory Coast,2012,October,1993.8367,317,16
El Salvador,2012,October,1239.5852,276.6,22
Ethiopia,2012,October,6233.0066,3400,55
Gabon,2012,October,751,967,129
Ghana,2012,October,82.0067,2,2
Guatemala,2012,October,3762.9331,360,10
Guinea,2012,October,233.5545,50,21
Guyana,2012,October,9.9779,8.7,87
Honduras,2012,October,4685.9958,345,7
India,2012,October,5303.4408,2000,38
Jamaica,2012,October,23.7159,9,38
Kenya,2012,October,875.4455,50,6
"Lao, People's Dem. Rep. of",2012,October,541.4914,150,28
Liberia,2012,October,10.1213,5,49
Mexico,2012,October,4326.9422,2354,54
Nicaragua,2012,October,1873.4749,207.864,11
Nigeria,2012,October,40.7637,40,98
Panama,2012,October,115.5198,67,58
Sierra Leone,2012,October,61.1833,5,8
Sri Lanka,2012,October,35.2484,35,99
Thailand,2012,October,608.0946,1130,186
Togo,2012,October,84.0589,242,288
Trinidad &amp; Tobago,2012,October,12.2272,10,82
Uganda,2012,October,3913.502,216,6
Venezuela,2012,October,952.4201,1650,173
Vietnam,2012,October,23402.1057,1825,8
Yemen,2012,October,187.5251,130,69
Angola,2013,April,34.935,30,86
Bolivia,2013,April,127.9122,60,47
Brazil,2013,April,54698.0833,20085,37
Burundi,2013,April,163.2177,2,1
Ecuador,2013,April,665.545,155,23
Indonesia,2013,April,12817.9493,4167,33
Madagascar,2013,April,584.4758,410,70
Malawi,2013,April,27.7944,1,4
Papua New Guinea,2013,April,835.3594,2.039,0
Paraguay,2013,April,20.0069,20,100
Peru,2013,April,4106.2383,250,6
Rwanda,2013,April,257.7282,1,0
Timor-Leste,2013,April,80.2182,0.49,1
Zimbabwe,2013,April,8.6415,4,46
"Congo, Rep. of",2013,July,3,3,100
Cuba,2013,July,106.685,220,206
Dominican Republic,2013,July,425.3936,383.333,90
Haiti,2013,July,345.2098,340,98
Philippines,2013,July,185.682,2550,1373
Tanzania,2013,July,810.9352,73.467,9
Cameroon,2013,October,403.8311,73.483,18
Central African Republic,2013,October,90.104,20,22
Colombia,2013,October,12163.1252,1468.973,12
"Congo, Dem. Rep. of",2013,October,347.087,200,58
Costa Rica,2013,October,1552.0761,335.06,22
Ivory Coast,2013,October,2597.7673,317,12
El Salvador,2013,October,514.9996,275,53
Ethiopia,2013,October,6427.4439,3550,55
Gabon,2013,October,383,583,152
Ghana,2013,October,44.7367,2,4
Guatemala,2013,October,3189.3714,370,12
Guinea,2013,October,101.1902,50,49
Guyana,2013,October,1.6819,8.8,523
Honduras,2013,October,4583.0246,350,8
India,2013,October,5075.3312,2100,41
Jamaica,2013,October,19.8292,9,45
Kenya,2013,October,837.9501,50,6
"Lao, People's Dem. Rep. of",2013,October,538.0728,150,28
Liberia,2013,October,5.939,5,84
Mexico,2013,October,3916.4766,2321,59
Nicaragua,2013,October,2059.8628,209.561,10
Nigeria,2013,October,40.8582,40,98
Panama,2013,October,113.4685,67,59
Sierra Leone,2013,October,31.7346,5,16
Sri Lanka,2013,October,37.0825,35,94
Thailand,2013,October,638.0038,1200,188
Togo,2013,October,171.5059,238,139
Trinidad &amp; Tobago,2013,October,12.2242,10,82
Uganda,2013,October,3632.867,220.8,6
Venezuela,2013,October,803.7688,1650,205
Vietnam,2013,October,27609.7814,2000,7
Yemen,2013,October,187.2981,130,69
Angola,2014,April,39.405,30,76
Bolivia,2014,April,106.3766,60,56
Brazil,2014,April,52298.9787,20333,39
Burundi,2014,April,247.55,2,1
Ecuador,2014,April,644.0112,155,24
Indonesia,2014,April,10862.2773,4333,40
Madagascar,2014,April,501.4544,390,78
Malawi,2014,April,24.7098,1,4
Papua New Guinea,2014,April,797.5642,1.924,0
Paraguay,2014,April,20.0725,20,100
Peru,2014,April,2883.229,250,9
Rwanda,2014,April,238.3438,1,0
Timor-Leste,2014,April,110.9242,0.49,0
Zimbabwe,2014,April,15.0124,4,27
"Congo, Rep. of",2014,July,3,3,100
Cuba,2014,July,101.421,220,217
Dominican Republic,2014,July,396.9541,388,98
Haiti,2014,July,343.2067,340,99
Philippines,2014,July,193.2142,2800,1449
Tanzania,2014,July,752.6685,76.717,10
Cameroon,2014,October,483.1051,75.317,16
Central African Republic,2014,October,62.614,20,32
Colombia,2014,October,13339.4695,1504.744,11
"Congo, Dem. Rep. of",2014,October,334.871,200,60
Costa Rica,2014,October,1475.0612,380.742,26
Ivory Coast,2014,October,1728.0433,317,18
El Salvador,2014,October,664.9995,280,42
Ethiopia,2014,October,6575.2618,3625,55
Gabon,2014,October,517,517,100
Ghana,2014,October,18.6847,2,11
Guatemala,2014,October,3310.0759,380,11
Guinea,2014,October,165.1077,50,30
Guyana,2014,October,8.5834,8.9,104
Honduras,2014,October,5268.2161,355,7
India,2014,October,5449.867,2200,40
Jamaica,2014,October,21.0512,9,43
Kenya,2014,October,764.7629,50,7
"Lao, People's Dem. Rep. of",2014,October,498.5298,150,30
Liberia,2014,October,7.0733,5,71
Mexico,2014,October,3591.2,2347,65
Nicaragua,2014,October,1897.6828,211.742,11
Nigeria,2014,October,42.7982,40,93
Panama,2014,October,106.2169,67,63
Sierra Leone,2014,October,46.4478,5,11
Sri Lanka,2014,October,35.7018,35,98
Thailand,2014,October,844.8871,1250,148
Togo,2014,October,143.2417,195,136
Trinidad &amp; Tobago,2014,October,12.0013,10,83
Uganda,2014,October,3744.477,229.2,6
Venezuela,2014,October,650.3983,1650,254
Vietnam,2014,October,26499.8404,2200,8
Yemen,2014,October,183.3814,130,71
Angola,2015,April,40.515,30,74
Bolivia,2015,April,89.2191,60,67
Brazil,2015,April,52425.6396,20508,39
Burundi,2015,April,274.1017,2,1
Ecuador,2015,April,644.4926,155,24
Indonesia,2015,April,12535.4751,4500,36
Madagascar,2015,April,425.2061,370,87
Malawi,2015,April,21.2015,1,5
Papua New Guinea,2015,April,711.9818,1.8,0
Paraguay,2015,April,20,20,100
Peru,2015,April,3303.5542,250,8
Rwanda,2015,April,292.6292,1,0
Timor-Leste,2015,April,59.1588,0.49,1
Zimbabwe,2015,April,14.2836,4,28
"Congo, Rep. of",2015,July,3,3,100
Cuba,2015,July,99.8181,220,220
Dominican Republic,2015,July,399.9543,388,97
Haiti,2015,July,340.8647,340,100
Philippines,2015,July,208.0726,3000,1442
Tanzania,2015,July,930.172,92.05,10
Cameroon,2015,October,390.8379,76,19
Central African Republic,2015,October,100.068,20,20
Colombia,2015,October,14009.1524,1671.791,12
"Congo, Dem. Rep. of",2015,October,370.6123,200,54
Costa Rica,2015,October,1440.1724,448.821,31
Ivory Coast,2015,October,1289.0845,317,25
El Salvador,2015,October,565,285,50
Ethiopia,2015,October,6713.9754,3700,55
Gabon,2015,October,741,0.5,0
Ghana,2015,October,9.3777,2,21
Guatemala,2015,October,3409.781,390,11
Guinea,2015,October,286.4455,50,17
Guyana,2015,October,10.9693,9,82
Honduras,2015,October,5785.776,365,6
India,2015,October,5800.3381,2250,39
Jamaica,2015,October,20.0121,9,45
Kenya,2015,October,789.1671,50,6
"Lao, People's Dem. Rep. of",2015,October,515.6519,150,29
Liberia,2015,October,10.0467,5,50
Mexico,2015,October,2903.395,2329,80
Nicaragua,2015,October,2133.4314,213.946,10
Nigeria,2015,October,41.2782,40,97
Panama,2015,October,127.0784,67,53
Sierra Leone,2015,October,45.9276,5,11
Sri Lanka,2015,October,36.1933,35,97
Thailand,2015,October,761.9808,1300,171
Togo,2015,October,80.9232,0.22,0
Trinidad &amp; Tobago,2015,October,11.7897,10,85
Uganda,2015,October,3649.567,234,6
Venezuela,2015,October,500.1259,1650,330
Vietnam,2015,October,28736.5941,2300,8
Yemen,2015,October,171.246,130,76
Angola,2016,April,44.83,30,67
Bolivia,2016,April,80.9835,60,74
Brazil,2016,April,56763.7634,21225,37
Burundi,2016,April,248.7933,2,1
Ecuador,2016,April,644.8845,155,24
Indonesia,2016,April,11491.0266,4600,40
Madagascar,2016,April,420.8227,360,86
Malawi,2016,April,19.516,1,5
Papua New Guinea,2016,April,1171.1449,2,0
Paraguay,2016,April,20.0101,20,100
Peru,2016,April,4222.8784,250,6
Rwanda,2016,April,231.0905,1,0
Timor-Leste,2016,April,82.0206,0.49,1
Zimbabwe,2016,April,15.1183,4,26
"Congo, Rep. of",2016,July,3,3,100
Cuba,2016,July,102.6,220,214
Dominican Republic,2016,July,412.2085,390,95
Haiti,2016,July,341.5781,340,100
Philippines,2016,July,214.6417,3000,1398
Tanzania,2016,July,846.0919,91.3,11
Cameroon,2016,October,291.8761,77,26
Central African Republic,2016,October,36.5467,20,55
Colombia,2016,October,14634.0003,1736.4414,12
"Congo, Dem. Rep. of",2016,October,323.927,200,62
Costa Rica,2016,October,1371.8963,329.457,24
Ivory Coast,2016,October,817.4045,317,39
El Salvador,2016,October,609.9996,292,48
Ethiopia,2016,October,7296.9796,3725,51
Gabon,2016,October,0.5,0.5,100
Ghana,2016,October,7.8839,2,25
Guatemala,2016,October,3684.209,390,11
Guinea,2016,October,269.9426,50,19
Guyana,2016,October,10.0482,9,90
Honduras,2016,October,7456.8976,370,5
India,2016,October,5199.9436,2300,44
Jamaica,2016,October,18.0447,9,50
Kenya,2016,October,782.7675,50,6
"Lao, People's Dem. Rep. of",2016,October,464.5497,150,32
Liberia,2016,October,12.0867,5,41
Mexico,2016,October,3780.715,2360,62
Nicaragua,2016,October,2574.74,216.728,8
Nigeria,2016,October,43.3182,40,92
Panama,2016,October,120.1902,67,56
Sierra Leone,2016,October,37.9217,5,13
Sri Lanka,2016,October,36.7161,35,95
Thailand,2016,October,537.5435,1300,242
Togo,2016,October,21.9932,254,1155
Trinidad &amp; Tobago,2016,October,11.7911,10,85
Uganda,2016,October,4962.158,240,5
Venezuela,2016,October,525,1650,314
Vietnam,2016,October,25540.2932,2400,9
Yemen,2016,October,173.4533,130,75
Angola,2017,April,35.006,30,86
Bolivia,2017,April,85.3112,60,70
Brazil,2017,April,51000.1728,21997,43
Burundi,2017,April,175.8033,2,1
Ecuador,2017,April,623.5744,155,25
Indonesia,2017,April,10902.3153,4700,43
Madagascar,2017,April,406.6854,350,86
Malawi,2017,April,11.7396,1,9
Papua New Guinea,2017,April,733.9382,2,0
Paraguay,2017,April,20.0024,20,100
Peru,2017,April,4279.6122,250,6
Rwanda,2017,April,244.5804,1,0
Timor-Leste,2017,April,73.2951,0.49,1
Zimbabwe,2017,April,6.3854,4,63
"Congo, Rep. of",2017,July,3,3,100
Cuba,2017,July,100,220,220
Dominican Republic,2017,July,400,390,98
Haiti,2017,July,340,340,100
Philippines,2017,July,200,3000,1500
Tanzania,2017,July,750,91.667,12
Cameroon,2017,October,375,78,21
Central African Republic,2017,October,50,20,40
Colombia,2017,October,14000,1800,13
"Congo, Dem. Rep. of",2017,October,335,200,60
Costa Rica,2017,October,1560.439,353.334,23
Ivory Coast,2017,October,1300,317,24
El Salvador,2017,October,740,300,41
Ethiopia,2017,October,7650,3750,49
Gabon,2017,October,0.5,0.5,100
Ghana,2017,October,16,2,12
Guatemala,2017,October,3800,395,10
Guinea,2017,October,215,50,23
Guyana,2017,October,10,9,90
Honduras,2017,October,8349,375,4
India,2017,October,5840,2350,40
Jamaica,2017,October,17,9,53
Kenya,2017,October,790,50,6
"Lao, People's Dem. Rep. of",2017,October,475,150,32
Liberia,2017,October,12,5,42
Mexico,2017,October,4000,2400,60
Nicaragua,2017,October,2500,218,9
Nigeria,2017,October,42,40,95
Panama,2017,October,106,67,63
Sierra Leone,2017,October,43,5,12
Sri Lanka,2017,October,37,35,95
Thailand,2017,October,500,1300,260
Togo,2017,October,55,254,462
Trinidad &amp; Tobago,2017,October,12,10,83
Uganda,2017,October,5100,244.8,5
Venezuela,2017,October,550,1650,300
Vietnam,2017,October,29500,2500,8
Yemen,2017,October,175,130,74